{
  "contact": {
    "email": "penang@tech-hub.com",
    "phone": "+60 4-226 1234",
    "address": "123 Jalan Sultan Ahmad Shah, Northam Tower, 10050 George Town, Penang, Malaysia",
    "hours": "Monday - Friday: 9:00 AM - 6:00 PM EST"
  },
  "map": {
    "embedUrl": "https://www.google.com/maps/embed?pb=!1m18!1m12!1m3!1d3153.019509109446!2d-122.41941548468208!3d37.77492977975903!2m3!1f0!2f0!3f0!3m2!1i1024!2i768!4f13.1!3m3!1m2!1s0x8085809c6c8f4459%3A0xb10ed6d9b5050fa5!2sTwitter%20HQ!5e0!3m2!1sen!2sus!4v1234567890123!5m2!1sen!2sus",
    "latitude": "37.7749",
    "longitude": "-122.4194"
  },
  "branches": [
    {
      "city": "Penang",
      "type": "Headquarters",
      "address": "123 Jalan Sultan Ahmad Shah, Northam Tower, 10050 George Town, Penang, Malaysia",
      "email": "penang@tech-hub.com",
      "phone": "+60 4-226 1234"
    },
    {
      "city": "Kedah",
      "type": "Regional Operations",
      "address": "45 Persiaran Perdana, Kulim Hi-Tech Park, 09000 Kulim, Kedah, Malaysia",
      "email": "kedah@tech-hub.com",
      "phone": "+60 4-403 5678"
    },
    {
      "city": "Perak",
      "type": "Development Center",
      "address": "789 Jalan Sultan Azlan Shah, Greentown Business Centre, 30450 Ipoh, Perak, Malaysia",
      "email": "perak@tech-hub.com",
      "phone": "+60 5-241 6789"
    },
    {
      "city": "Seremban",
      "type": "Customer Support Hub",
      "address": "321 Jalan Dato Bandar Tunggal, 70000 Seremban, Negeri Sembilan, Malaysia",
      "email": "seremban@tech-hub.com",
      "phone": "+60 6-762 5678"
    },
    {
      "city": "Kuala Lumpur",
      "type": "Corporate Office",
      "address": "Level 35, The Exchange 106, Lingkaran TRX, 55188 Kuala Lumpur, Malaysia",
      "email": "kl@tech-hub.com",
      "phone": "+60 3-2141 4567"
    },
    {
      "city": "Melaka",
      "type": "Southern Regional Office",
      "address": "88 Jalan Melaka Raya 23, Taman Melaka Raya, 75000 Melaka, Malaysia",
      "email": "melaka@tech-hub.com",
      "phone": "+60 6-282 4567"
    }
  ]
}